chrom	syntenic_coverage	mean_identity	mean_continuity
I	0.7078827112950199	76.86905895276456	93.60831197363603
II	0.697180597449506	76.08934311670161	91.64675052410901
III	0.7156686643924034	77.4170829975826	93.63384367445609
IV	0.6887578716321817	75.74282682512734	91.4721986417657
V	0.7037759602698286	75.81927207637231	92.25683174224343
X	0.7039711392337717	76.86840277777777	91.33792735042735
MtDNA	0.8331713007972	84.1	98.5
